{"paths":[[392035,2115741],[392035,78,2675800,2115741],[392035,1243951,4445640,2115741],[392035,3845794,3212007,3212008,1069836,5168067,2115741],[392035,3845794,2672313,2672318,3144844,5457739,5457736,2115741]],"relpaths":[[-1,189],[-1,660,660,599],[-1,480,480,599],[-1,123,123,602,599,121,189],[-1,123,123,602,599,599,602,189]],"sid":392035,"bottlenecks":[0.0677970563,0.0574752402,0.0471302098,0.0677970563,0.0677970563],"oid":2115741,"pid":599,"flows":[0.0677970563,0.0049065911,0.0040842475,0.005771017,0.0051475649],"costs":[0.0,10.7138842931,10.5395086717,10.7478525448,12.1707045017]}
{"paths":[[392035,3783749,3612042,4119746],[392035,78,852582,4119746],[392035,2115741,4864843,4119746],[392035,1243951,2682315,4119746],[392035,3845794,3212007,3212008,1069836,5330278,5330277,4119746]],"relpaths":[[-1,65,65,189],[-1,660,660,189],[-1,189,599,189],[-1,480,480,189],[-1,123,123,602,599,599,602,189]],"sid":392035,"bottlenecks":[0.0673481578,0.0574752402,0.0677970563,0.0471302098,0.0709806674],"oid":4119746,"pid":599,"flows":[0.0065338042,0.0049065911,0.0065433776,0.0039617924,0.0058866001],"costs":[9.3076485544,10.7138842931,9.3611712617,10.8961836156,11.0580074731]}
