{"paths":[[392035,2115741],[392035,78,2675800,2115741],[392035,1243951,4445640,2115741],[392035,3845794,3212007,3212008,1069836,5168067,2115741],[392035,3845794,2672313,2672318,3144844,5457739,5457736,2115741]],"relpaths":[[-1,189],[-1,660,660,599],[-1,480,480,599],[-1,123,123,602,599,121,189],[-1,123,123,602,599,599,602,189]],"sid":392035,"bottlenecks":[0.0677970563,0.0574752402,0.0471302098,0.0677970563,0.0677970563],"oid":2115741,"pid":599,"flows":[0.0677970563,0.0049065911,0.0040842475,0.005771017,0.0051475649],"costs":[0.0,10.7138842931,10.5395086717,10.7478525448,12.1707045017]}
{"paths":[[392035,3783749,3612042,4119746],[392035,78,852582,4119746],[392035,2115741,4864843,4119746],[392035,1243951,2682315,4119746],[392035,3845794,3212007,3212008,1069836,5330278,5330277,4119746]],"relpaths":[[-1,65,65,189],[-1,660,660,189],[-1,189,599,189],[-1,480,480,189],[-1,123,123,602,599,599,602,189]],"sid":392035,"bottlenecks":[0.0673481578,0.0574752402,0.0677970563,0.0471302098,0.0709806674],"oid":4119746,"pid":599,"flows":[0.0065338042,0.0049065911,0.0065433776,0.0039617924,0.0058866001],"costs":[9.3076485544,10.7138842931,9.3611712617,10.8961836156,11.0580074731]}
{"paths":[[392035,78,3796026,917821],[392035,2115741,2664662,2664660,917821],[392035,3783749,1725129,917821],[392035,1243951,5457331,917821],[392035,3845794,3212007,3212008,1069836,3564145,3564142,917821]],"relpaths":[[-1,660,660,189],[-1,189,599,602,189],[-1,65,65,189],[-1,480,480,189],[-1,123,123,602,599,599,602,189]],"sid":392035,"bottlenecks":[0.0574752402,0.0677970563,0.0673481578,0.0471302098,0.0684876589],"oid":917821,"pid":599,"flows":[0.0049065911,0.0062033208,0.0063844314,0.0039971942,0.0054158448],"costs":[10.7138842931,9.9291552993,9.5488106113,10.7908231,11.645794138]}
{"paths":[[392035,2115741,3259596,3218267],[392035,78,2649831,3218267],[392035,1243951,1227091,3218267],[392035,3845794,3461499,3461504,4145593,5346163,3218267],[392035,3845794,3461499,3461500,5529578,3490894,3490892,3218267]],"relpaths":[[-1,189,599,189],[-1,660,660,599],[-1,480,480,599],[-1,123,123,602,599,121,189],[-1,123,123,602,599,599,602,189]],"sid":392035,"bottlenecks":[0.0677970563,0.0574752402,0.0471302098,0.0691551372,0.0691551372],"oid":3218267,"pid":599,"flows":[0.0068965729,0.0049065911,0.0041395457,0.0055472384,0.0054758532],"costs":[8.8305430106,10.7138842931,10.3853579918,11.4665882898,11.6291072193]}
{"paths":[[482030,2364618],[482030,482031,2364618],[482030,3889144,2654787,2654789,2364618],[482030,482032,5237575,4404223,4404219,2364618],[482030,3678471,2649399,2649402,2364618]],"relpaths":[[-1,189],[-1,602,599],[-1,123,123,602,599],[-1,602,599,599,602,189],[-1,65,65,602,599]],"sid":482030,"bottlenecks":[0.0709806674,0.1390759575,0.1390759575,0.0709806674,0.0871577841],"oid":2364618,"pid":599,"flows":[0.0709806674,0.0662704389,0.0205104289,0.0086911152,0.0091617878],"costs":[0.0,1.0986122887,5.7807435158,7.1670378769,8.51318517]}
{"paths":[[482030,3889144,644314,1487110],[482030,3678471,2649399,1487110],[482030,3678471,2649399,2649403,1487110],[482030,4160079,5007901,1487110],[482030,4160079,4799509,1487110]],"relpaths":[[-1,123,123,189],[-1,65,65,189],[-1,65,65,602,599],[-1,462,462,189],[-1,462,462,189]],"sid":482030,"bottlenecks":[0.0681202681,0.0681202681,0.019037516,0.0681202681,0.0167564787],"oid":1487110,"pid":599,"flows":[0.0136541363,0.0080955111,0.0020011716,0.0062568518,0.0015854585],"costs":[3.9889840466,7.4145728814,8.51318517,9.8873073563,9.5688536252]}
