{"paths":[[365282,502,2771406,3872554],[365282,5127949,99,2240880,545456,3872554],[365282,3856959,2708011,2132727,3961898,3872554],[365282,5127948,4015056,703290,545456,3872554],[365282,5127948,4122431,502,2771406,3872554]],"relpaths":[[-1,660,660,167],[-1,50,660,660,50,327],[-1,480,480,54,54,167],[-1,652,580,480,480,327],[-1,652,580,660,660,167]],"sid":365282,"bottlenecks":[0.0468628825,0.0576828449,0.0504466971,0.0496363503,0.0468628825],"oid":3872554,"pid":167,"flows":[0.0030205403,0.0033651513,0.0028063343,0.0026250056,0.0024864982],"costs":[14.5147352331,16.1412338854,16.9760112291,17.9090452924,17.8469397433]}
{"paths":[[4399207,4821374,320,4822600],[4399207,5286709,4822600],[4399207,4821374,5286709,4822600],[4399207,502,2638726,4822600],[4399207,1612839,2213620,1733064,3208272,2638726,4822600]],"relpaths":[[-1,512,660,660],[-1,394,140],[-1,512,140,140],[-1,660,660,34],[-1,195,238,533,65,167,34]],"sid":4399207,"bottlenecks":[0.0659615862,0.0674834615,0.0700964663,0.0468628825,0.0851790718],"oid":4822600,"pid":167,"flows":[0.0056633533,0.0054224569,0.0049874324,0.0030776068,0.0050792542],"costs":[10.6470901766,11.4451818129,13.0546197253,14.2270531606,15.7699958353]}
{"paths":[[2251967,411,1122425,2935519],[2251967,5550279,2555442,2935519],[2251967,1900581,2712700,5307411,2258310,2935519],[2251967,5287669,1927834,4611087,2935519],[2251967,273866,5550279,2555442,2935519]],"relpaths":[[-1,660,660,167],[-1,57,57,511],[-1,512,512,65,65,511],[-1,370,370,27,116],[-1,403,57,57,511]],"sid":2251967,"bottlenecks":[0.058721088,0.0606869276,0.1821649575,0.0339418763,0.0606869276],"oid":2935519,"pid":167,"flows":[0.0046377227,0.0046651664,0.0137835409,0.0023101239,0.0039169458],"costs":[11.6616212941,12.0085237389,12.2161219814,13.692664728,14.4934303887]}
{"paths":[[4933425,5472523,5114861,3781793,1988198,930499],[4933425,5472523,1336856,5552125,3840644,930499],[4933425,5445637,5349555,3781793,1988198,930499],[4933425,5445637,5120562,2689465,930499],[4933425,411,1672135,2689465,930499]],"relpaths":[[-1,512,512,57,311,65],[-1,512,512,65,301,301],[-1,57,57,57,311,65],[-1,57,57,592,65],[-1,660,660,505,65]],"sid":4933425,"bottlenecks":[0.1513782379,0.0182680752,0.0314255808,0.0572191368,0.058721088],"oid":930499,"pid":167,"flows":[0.0112529243,0.0012187995,0.0021573771,0.0039486665,0.003253121],"costs":[12.4523466142,13.9885811226,13.5665683138,13.4907494773,17.0506930239]}
{"paths":[[1945827,675215,5255045,5299441,3407132],[1945827,675215,5255045,3407145,3407132],[1945827,1204674,5255045,3407145,3407132],[1945827,1204674,3276362,4419658,2772270,3407132],[1945827,148,2737003,3407132]],"relpaths":[[-1,34,339,339,339],[-1,34,339,339,339],[-1,34,339,339,339],[-1,34,339,525,65,167],[-1,660,660,167]],"sid":1945827,"bottlenecks":[0.151573021,0.0574744242,0.0940985967,0.0781179197,0.0665356292],"oid":3407132,"pid":167,"flows":[0.0244750649,0.0085734322,0.0127213048,0.0086001424,0.0056660735],"costs":[5.1929568509,5.7037824747,6.3969296552,8.0833286088,10.7428108433]}
{"paths":[[2557847,5594342,4602091,1117385],[2557847,1270239,2698640,5324154,4393482,1117385],[2557847,5287545,1117385],[2557847,2401387,640555,5473699,1117385],[2557847,2460163,4573952,1023773,1421374,1117385]],"relpaths":[[-1,65,377,568],[-1,54,54,167,167,511],[-1,394,140],[-1,195,340,301,301],[-1,195,27,27,194,511]],"sid":2557847,"bottlenecks":[0.1438674329,0.156827508,0.0615499023,0.0706536592,0.0814681187],"oid":1117385,"pid":167,"flows":[0.0156857047,0.0115200702,0.0045108267,0.0046566045,0.0055004508],"costs":[8.1718820061,12.6134159887,12.6449273965,14.1727849222,13.8111711564]}
{"paths":[[1004735,1405180,4885002,5289185,5289218,5289005,3068006],[1004735,1405180,113,5289005,3068006],[1004735,1405180,4064325,2722524,5086120,2601573,3068006],[1004735,6060984,5336582,1947240,3068006],[1004735,4803000,52,5102790,2882213,4344535,5441187,3068006]],"relpaths":[[-1,34,35,35,253,253,339],[-1,34,660,660,339],[-1,34,339,65,580,478,167],[-1,660,660,311,167],[-1,50,660,660,50,610,610,65]],"sid":1004735,"bottlenecks":[0.093542975,0.0561366727,0.0345696453,0.0503400659,0.0699488617],"oid":3068006,"pid":167,"flows":[0.007196958,0.0038708354,0.0018640409,0.0025698543,0.0035337999],"costs":[11.997571371,13.502469651,17.5455396329,18.588685097,18.7942340437]}
